{"cameraMode":{"drawMode":0,"name":"Shaded","section":"Shading Mode"},"sceneLighting":false,"audioPlay":false,"sceneViewState":{"showFog":true,"showMaterialUpdate":false,"showSkybox":false,"showFlares":true,"showImageEffects":true,"showParticleSystems":true},"in2DMode":false,"pivot":{"x":0.0000011920928955078126,"y":0.002499982714653015,"z":0.530003547668457},"rotation":{"x":0.18845824897289277,"y":-0.5667035579681397,"z":0.13508452475070954,"w":0.7906259894371033},"size":0.7079020738601685,"orthographic":false}