{"cameraMode":{"drawMode":0,"name":"Shaded","section":"Shading Mode"},"sceneLighting":true,"audioPlay":false,"sceneViewState":{"showFog":true,"showMaterialUpdate":false,"showSkybox":true,"showFlares":true,"showImageEffects":true,"showParticleSystems":true},"in2DMode":false,"pivot":{"x":640.2273559570313,"y":327.58447265625,"z":257.61273193359377},"rotation":{"x":0.035992275923490527,"y":-0.003888040315359831,"z":0.00015532327233813703,"w":0.9993560910224915},"size":426.81280517578127,"orthographic":false}